"state","sid","year","cdl_binary","cdl","l_homicide","l_assault","l_robbery","l_larceny","l_police","l_income","l_prisoner"
"Alabama",1,2000,0,0,2.02735567092896,5.78572416305542,4.87986993789673,7.9863772392273,5.8546085357666,10.7111015319824,6.40576648712158
"Alabama",1,2001,0,0,2.16486692428589,5.64061212539673,4.85499143600464,7.92251110076904,5.86313486099243,10.6759309768677,6.42128419876099
"Alabama",1,2002,0,0,1.93633413314819,5.61542987823486,4.91576242446899,7.95008945465088,5.74138164520264,10.7270708084106,6.4616322517395
"Alabama",1,2003,0,0,1.9195671081543,5.5550389289856,4.92495155334473,7.94747495651245,5.85381603240967,10.6956882476807,6.45597124099731
"Alabama",1,2004,0,0,1.74984121322632,5.54382514953613,4.91899728775024,7.93771743774414,5.79275417327881,10.6520690917969,6.3740029335022
"Alabama",1,2005,0,0,2.13044047355652,5.53812313079834,4.97755479812622,7.90791034698486,5.66229057312012,10.6332321166992,6.44213628768921
"Alabama",1,2006,1,0.580821931362152,2.07965230941772,5.42879343032837,5.033203125,7.8804726600647,5.83279418945312,10.6223268508911,6.42009973526001
"Alabama",1,2007,1,1,2.14569044113159,5.51483154296875,5.08393383026123,7.90530014038086,5.87622833251953,10.7007246017456,6.46358633041382
"Alabama",1,2008,1,1,2.04359769821167,5.54086923599243,5.06750106811523,7.91355133056641,5.85689878463745,10.7152843475342,6.49160623550415
"Alabama",1,2009,1,1,1.93868410587311,5.64472913742065,4.90686655044556,7.84318256378174,5.90020704269409,10.6125078201294,6.53085088729858
"Alabama",1,2010,1,1,1.74793982505798,5.50350189208984,4.60668134689331,7.79513025283813,5.83154296875,10.6207418441772,6.50455713272095
"Alaska",2,2000,0,0,1.49151825904846,6.03560066223145,4.39008665084839,7.9270749092102,5.68341493606567,11.1111040115356,6.53207206726074
"Alaska",2,2001,0,0,1.84624648094177,6.07663011550903,4.42490816116333,7.9055495262146,5.68982601165771,11.1654224395752,6.61017227172852
"Alaska",2,2002,0,0,1.66512370109558,6.02957248687744,4.36097860336304,7.9521369934082,5.69533348083496,11.0660133361816,6.5575213432312
"Alaska",2,2003,0,0,1.8232786655426,6.09243822097778,4.2600359916687,7.96067333221436,5.66190338134766,11.02601146698,6.5775318145752
"Alaska",2,2004,0,0,1.76094770431519,6.19465589523315,4.25258827209473,7.8402624130249,5.69753170013428,11.0597238540649,6.57379102706909
"Alaska",2,2005,0,0,1.60674774646759,6.17596673965454,4.42701005935669,7.89652156829834,5.65744495391846,11.041672706604,6.61988019943237
"Alaska",2,2006,1,0.295890420675278,1.68133234977722,6.2462592124939,4.49307489395142,7.85881519317627,5.66670894622803,11.0187931060791,6.62871217727661
"Alaska",2,2007,1,1,1.87201654911041,6.20782089233398,4.45257759094238,7.82585000991821,5.63110017776489,11.1010551452637,6.63787460327148
"Alaska",2,2008,1,1,1.37709975242615,6.20185136795044,4.5489616394043,7.71261358261108,5.66349220275879,11.0790300369263,6.60125207901001
"Alaska",2,2009,1,1,1.16950988769531,6.16025161743164,4.56157493591309,7.7108678817749,5.6678032875061,11.0448560714722,6.65109539031982
"Alaska",2,2010,1,1,1.48791563510895,6.17926359176636,4.44080781936646,7.70477914810181,5.62643146514893,10.9716062545776,6.68391466140747
"Arizona",3,2000,0,0,1.9671516418457,5.87308359146118,5.00702047348022,8.16606616973877,5.88323307037354,10.827151298523,6.26910638809204
"Arizona",3,2001,0,0,2.04070663452148,5.84118366241455,5.13944673538208,8.18730354309082,5.87735939025879,10.8703193664551,6.27879095077515
"Arizona",3,2002,0,0,1.97937572002411,5.93320035934448,5.00814771652222,8.23469924926758,5.85888624191284,10.7822008132935,6.30830574035645
"Arizona",3,2003,0,0,2.08702707290649,5.83543682098389,4.93638277053833,8.19765949249268,5.84251546859741,10.7955265045166,6.34519338607788
"Arizona",3,2004,0,0,1.99446177482605,5.81662368774414,4.92029476165771,8.06380367279053,5.86248731613159,10.8319244384766,6.3580527305603
"Arizona",3,2005,0,0,2.03249979019165,5.8099250793457,4.99149799346924,8.01330089569092,5.86552810668945,10.8303623199463,6.35566473007202
"Arizona",3,2006,1,0.684931516647339,2.14361429214478,5.84167194366455,5.03388023376465,7.96351099014282,5.85104656219482,10.8288173675537,6.3665828704834
"Arizona",3,2007,1,1,2.18870759010315,5.78529596328735,5.06624698638916,7.96026229858398,5.88593101501465,10.8127336502075,6.41924381256104
"Arizona",3,2008,1,1,1.96801018714905,5.69524145126343,5.03565311431885,7.88961219787598,5.889328956604,10.7686319351196,6.43621969223022
"Arizona",3,2009,1,1,1.79309749603271,5.60965251922607,4.8646936416626,7.8103837966919,5.89225482940674,10.7470788955688,6.46511459350586
"Arizona",3,2010,1,1,1.86334466934204,5.56521987915039,4.69425439834595,7.79182767868042,5.85431909561157,10.7638216018677,6.44950914382935
"Arkansas",4,2000,0,0,1.86606276035309,5.83444356918335,4.34350109100342,7.89462804794312,5.64795017242432,10.5347595214844,6.12765216827393
"Arkansas",4,2001,0,0,1.73216414451599,5.83648157119751,4.42249059677124,7.88532781600952,5.66266393661499,10.6227407455444,6.17592763900757
"Arkansas",4,2002,0,0,1.68441641330719,5.72586059570312,4.56218957901001,7.90083980560303,5.6694803237915,10.5777578353882,6.20826959609985
"Arkansas",4,2003,0,0,1.91578876972198,5.84226226806641,4.4312424659729,7.85099172592163,5.67245674133301,10.5437088012695,6.21947813034058
"Arkansas",4,2004,0,0,1.8836236000061,5.9317455291748,4.48462820053101,7.92822504043579,5.67834663391113,10.6061391830444,6.24607038497925
"Arkansas",4,2005,0,0,1.94538033008575,5.98601531982422,4.54039812088013,7.93565368652344,5.71210241317749,10.6198873519897,6.2171106338501
"Arkansas",4,2006,0,0,2.01577830314636,6.00150966644287,4.59484577178955,7.86199808120728,5.68382596969604,10.5984582901001,6.19118595123291
"Arkansas",4,2007,0,0,1.96919047832489,5.92596817016602,4.7053656578064,7.86389493942261,5.70839881896973,10.6665802001953,6.23487901687622
"Arkansas",4,2008,0,0,1.75698804855347,5.88008213043213,4.57865715026855,7.80594444274902,5.83473205566406,10.5988073348999,6.25381231307983
"Arkansas",4,2009,0,0,1.84165072441101,5.9389705657959,4.50825786590576,7.78487539291382,5.86160087585449,10.5224771499634,6.28384160995483
"Arkansas",4,2010,0,0,1.5607613325119,5.93121767044067,4.40499639511108,7.72666597366333,5.84024143218994,10.5602560043335,6.3265209197998
"California",5,2000,0,0,1.83897829055786,6.03736925125122,5.20557737350464,7.58691358566284,5.74903678894043,10.9899263381958,6.20084762573242
"California",5,2001,0,0,1.87940216064453,6.00151538848877,5.25665235519409,7.63606643676758,5.7516508102417,10.9717264175415,6.15991401672363
"California",5,2002,0,0,1.94361591339111,5.94410848617554,5.24412775039673,7.64348268508911,5.80491256713867,10.9594011306763,6.15387678146362
"California",5,2003,0,0,1.93823373317719,5.92260646820068,5.21513557434082,7.65493059158325,5.79797029495239,10.9758415222168,6.16268396377563
"California",5,2004,0,0,1.92037522792816,5.79664993286133,5.171630859375,7.63948965072632,5.77194499969482,10.9475736618042,6.16357707977295
"California",5,2005,0,0,1.95937883853912,5.78386878967285,5.19484806060791,7.58214950561523,5.75197744369507,10.9647789001465,6.18165588378906
"California",5,2006,0,0,1.92130434513092,5.72416687011719,5.27274322509766,7.51289081573486,5.76185274124146,10.9991121292114,6.17672920227051
"California",5,2007,0,0,1.82969665527344,5.70759534835815,5.27054023742676,7.49457263946533,5.80992412567139,10.9786262512207,6.17500638961792
"California",5,2008,0,0,1.77183330059052,5.66160297393799,5.24976396560669,7.48785448074341,5.82638311386108,10.9636192321777,6.16725015640259
"California",5,2009,0,0,1.69216585159302,5.61984634399414,5.17345285415649,7.43539333343506,5.81614637374878,10.9518756866455,6.15638828277588
"California",5,2010,0,0,1.58779323101044,5.5580849647522,5.05745983123779,7.39287805557251,5.7731671333313,10.9052038192749,6.10134029388428
"Colorado",6,2000,0,0,1.16057360172272,5.41385507583618,4.28037071228027,7.89648675918579,5.77576780319214,11.0198907852173,5.99383020401001
"Colorado",6,2001,0,0,1.29797649383545,5.43050670623779,4.41149187088013,7.94189834594727,5.86258840560913,11.0159044265747,6.00236177444458
"Colorado",6,2002,0,0,1.40236496925354,5.43110275268555,4.39781761169434,7.95259094238281,5.86286449432373,10.977294921875,6.05834484100342
"Colorado",6,2003,0,0,1.42534041404724,5.40739345550537,4.43129062652588,7.93701362609863,5.85009002685547,10.9887275695801,6.09188556671143
"Colorado",6,2004,0,0,1.49695110321045,5.52052450180054,4.42021942138672,7.91608667373657,5.83875179290771,10.9808254241943,6.11167764663696
"Colorado",6,2005,0,0,1.33289194107056,5.60109281539917,4.46056461334229,7.93627166748047,5.82489967346191,10.9392309188843,6.15335988998413
"Colorado",6,2006,0,0,1.28022313117981,5.58135986328125,4.38656520843506,7.75151109695435,5.84791612625122,11.0059261322021,6.15898561477661
"Colorado",6,2007,0,0,1.17908906936646,5.47316551208496,4.28497695922852,7.65059757232666,5.86217546463013,11.0712060928345,6.1719765663147
"Colorado",6,2008,0,0,1.16941285133362,5.47052812576294,4.24192810058594,7.6271481513977,5.85219669342041,11.0302658081055,6.17464876174927
"Colorado",6,2009,0,0,1.1887412071228,5.44555759429932,4.24280166625977,7.58230018615723,5.88607215881348,10.948224067688,6.15413331985474
"Colorado",6,2010,0,0,0.881419837474823,5.37033700942993,4.14335489273071,7.58247900009155,5.8390645980835,11.0094394683838,6.12910175323486
"Connecticut",7,2000,0,0,1.08917951583862,5.276047706604,4.75535440444946,7.63877201080322,5.68790054321289,11.059157371521,6.32186937332153
"Connecticut",7,2001,0,0,1.15227496623993,5.28782224655151,4.83709859848022,7.59211206436157,5.69099998474121,11.0928392410278,6.36077165603638
"Connecticut",7,2002,0,0,0.919168412685394,5.17342948913574,4.79950428009033,7.56640911102295,5.67245054244995,11.0775632858276,6.42720651626587
"Connecticut",7,2003,0,0,1.20063281059265,5.18547487258911,4.82782697677612,7.57297706604004,5.6516523361206,11.0846014022827,6.37789154052734
"Connecticut",7,2004,0,0,1.08190762996674,5.00783348083496,4.81671619415283,7.58574676513672,5.65672159194946,11.0603847503662,6.3547534942627
"Connecticut",7,2005,0,0,1.12914490699768,4.94988775253296,4.75234222412109,7.54830169677734,5.64761543273926,11.0584173202515,6.35037565231323
"Connecticut",7,2006,0,0,1.36325979232788,4.99738264083862,4.8434886932373,7.51742029190063,5.62346935272217,11.1196308135986,6.37467336654663
"Connecticut",7,2007,0,0,1.17351198196411,5.04784250259399,4.81319189071655,7.46371984481812,5.64368343353271,11.1191120147705,6.39477634429932
"Connecticut",7,2008,0,0,1.32945418357849,5.12630414962769,4.75139427185059,7.50090169906616,5.7206244468689,11.0898056030273,6.38265562057495
"Connecticut",7,2009,0,0,1.10966742038727,5.11597108840942,4.74052810668945,7.44819498062134,5.71067810058594,11.096227645874,6.33541393280029
"Connecticut",7,2010,0,0,1.29477143287659,5.0912971496582,4.60278463363647,7.36935663223267,5.68407917022705,11.1042346954346,6.29618501663208
"Delaware",8,2000,0,0,1.19202184677124,6.13936233520508,5.21307849884033,7.94242143630981,5.97080898284912,11.063006401062,6.8154616355896
"Delaware",8,2001,0,0,1.09222400188446,6.04896926879883,5.00945091247559,7.83366823196411,5.95102500915527,11.0200548171997,6.81082391738892
"Delaware",8,2002,0,0,1.20112943649292,6.04410457611084,4.99402236938477,7.77152729034424,5.98251295089722,11.0049953460693,6.76447010040283
"Delaware",8,2003,0,0,0.974507689476013,6.1441798210144,5.20307779312134,7.77864694595337,5.96299457550049,10.9701099395752,6.75378036499023
"Delaware",8,2004,0,0,1.24600958824158,6.0385479927063,5.11646604537964,7.78088808059692,5.98314762115479,10.9234533309937,6.75698709487915
"Delaware",8,2005,0,0,1.5085084438324,6.08960723876953,5.0723147392273,7.70042848587036,5.96317005157471,10.9546937942505,6.7463870048523
"Delaware",8,2006,0,0,1.59352242946625,6.08082008361816,5.34638214111328,7.78075933456421,5.89015960693359,10.9456348419189,6.73852205276489
"Delaware",8,2007,0,0,1.52033698558807,6.1493239402771,5.3394570350647,7.7982325553894,5.90396499633789,10.9578695297241,6.74911165237427
"Delaware",8,2008,0,0,1.88919353485107,6.1179461479187,5.36746025085449,7.84698343276978,5.90415334701538,10.8462839126587,6.71046495437622
"Delaware",8,2009,0,0,1.5573638677597,6.03164720535278,5.27034091949463,7.78822946548462,5.89162111282349,10.8775568008423,6.66758728027344
"Delaware",8,2010,0,0,1.68313944339752,5.93934297561646,5.32346296310425,7.78863000869751,5.87342548370361,10.9199676513672,6.6064600944519
"Florida",10,2000,0,0,1.75628757476807,6.35821866989136,5.31806945800781,8.10887050628662,6.02464437484741,10.8035678863525,6.12548303604126
"Florida",10,2001,0,0,1.6974630355835,6.33561849594116,5.32460689544678,8.07930660247803,5.97490739822388,10.7111682891846,6.11439943313599
"Florida",10,2002,0,0,1.71964883804321,6.29559230804443,5.29659032821655,8.05016613006592,6.05795049667358,10.7382211685181,6.13314533233643
"Florida",10,2003,0,0,1.71563184261322,6.23857259750366,5.24539232254028,8.02020168304443,6.02512264251709,10.7407569885254,6.20154047012329
"Florida",10,2004,0,0,1.71702182292938,6.22919321060181,5.17363166809082,7.95148229598999,6.05067157745361,10.7534036636353,6.22143650054932
"Florida",10,2005,1,0.246575340628624,1.62527549266815,6.23090982437134,5.15559196472168,7.90861511230469,6.01443958282471,10.7792272567749,6.24693441390991
"Florida",10,2006,1,1,1.8311493396759,6.18545913696289,5.24049186706543,7.8705472946167,6.01457118988037,10.8075838088989,6.24208307266235
"Florida",10,2007,1,1,1.89795637130737,6.17265605926514,5.35565233230591,7.9099531173706,6.02560043334961,10.7821798324585,6.30116939544678
"Florida",10,2008,1,1,1.86086916923523,6.12175226211548,5.29568386077881,7.93306159973145,6.00705432891846,10.7237958908081,6.33348989486694
"Florida",10,2009,1,1,1.71937465667725,6.03472328186035,5.13362979888916,7.87602663040161,5.9824423789978,10.7447099685669,6.34609079360962
"Florida",10,2010,1,1,1.66492998600006,5.91967296600342,4.93941402435303,7.80587530136108,5.96008348464966,10.697452545166,6.32534408569336
"Georgia",11,2000,0,0,2.10242176055908,5.76838302612305,5.11566495895386,8.01413822174072,5.91276407241821,10.8790092468262,6.32111597061157
"Georgia",11,2001,0,0,1.99298679828644,5.70545721054077,5.17451858520508,7.98145341873169,5.90931463241577,10.8673105239868,6.33442211151123
"Georgia",11,2002,0,0,1.9848815202713,5.6266713142395,5.08339691162109,7.94360065460205,5.76858377456665,10.8597679138184,6.34532785415649
"Georgia",11,2003,0,0,2.05232954025269,5.58596038818359,5.11452484130859,7.98258256912231,5.90458011627197,10.8259592056274,6.32696437835693
"Georgia",11,2004,0,0,1.96617233753204,5.6151556968689,5.06974172592163,7.97472524642944,5.83321857452393,10.7644138336182,6.38942527770996
"Georgia",11,2005,0,0,1.85531783103943,5.6051139831543,5.07000064849854,7.94785451889038,5.78877592086792,10.845290184021,6.31470346450806
"Georgia",11,2006,1,0.5,1.88054358959198,5.62331867218018,5.1417670249939,7.84301710128784,5.79757022857666,10.8848171234131,6.33466339111328
"Georgia",11,2007,1,1,2.05843091011047,5.66054773330688,5.22247934341431,7.84664535522461,5.73834419250488,10.8424978256226,6.36548614501953
"Georgia",11,2008,1,1,1.92212188243866,5.63400411605835,5.23558044433594,7.86166143417358,5.85572576522827,10.7538948059082,6.31788063049316
"Georgia",11,2009,1,1,1.78496277332306,5.5549578666687,5.03726673126221,7.78878879547119,5.90399980545044,10.6931943893433,6.33139133453369
"Georgia",11,2010,1,1,1.75868260860443,5.52213096618652,4.85759544372559,7.76106834411621,5.83189725875854,10.6943960189819,6.37511539459229
"Hawaii",12,2000,0,0,1.09085249900818,4.81482315063477,4.55926322937012,8.21034908294678,5.72918128967285,11.0861806869507,6.06324195861816
"Hawaii",12,2001,0,0,0.990362048149109,4.86026000976562,4.56516265869141,8.23737621307373,5.69367933273315,10.9754648208618,6.12450456619263
"Hawaii",12,2002,0,0,0.686058163642883,4.92016458511353,4.60637998580933,8.31457614898682,5.68355178833008,10.9565620422363,6.10640859603882
"Hawaii",12,2003,0,0,0.588062644004822,5.01617002487183,4.56006813049316,8.20713996887207,5.67818117141724,11.0259628295898,6.16744947433472
"Hawaii",12,2004,0,0,0.989343822002411,5.04402303695679,4.34296226501465,8.11606407165527,5.63227653503418,11.0809106826782,6.18566179275513
"Hawaii",12,2005,0,0,0.661843955516815,5.02547311782837,4.39254474639893,8.13368129730225,5.66355037689209,11.1056785583496,6.20734691619873
"Hawaii",12,2006,0,0,0.490791141986847,5.09118795394897,4.48855495452881,7.98590993881226,5.64984655380249,11.0881547927856,6.14026832580566
"Hawaii",12,2007,0,0,0.631320178508759,5.06461381912231,4.47613430023193,7.98520231246948,5.66339063644409,11.1172571182251,6.14910745620728
"Hawaii",12,2008,0,0,0.708438098430634,5.06908416748047,4.4396767616272,7.80566883087158,5.69178104400635,11.0397005081177,6.1423282623291
"Hawaii",12,2009,0,0,0.585860788822174,5.10575723648071,4.3876805305481,7.86712694168091,5.69364929199219,10.9431991577148,6.13154745101929
"Hawaii",12,2010,0,0,0.577204346656799,5.0634970664978,4.35949850082397,7.7511625289917,5.62197256088257,10.9769020080566,6.08388996124268
"Idaho",13,2000,0,0,0.236943781375885,5.34440326690674,2.87152671813965,7.72359228134155,5.56512355804443,10.7710084915161,6.08320188522339
"Idaho",13,2001,0,0,0.844363927841187,5.27160310745239,2.94442486763,7.69325351715088,5.59795427322388,10.7599220275879,6.14368057250977
"Idaho",13,2002,0,0,1.01218998432159,5.30947542190552,2.90930986404419,7.70578908920288,5.58976078033447,10.7300500869751,6.16145944595337
"Idaho",13,2003,0,0,0.667955636978149,5.25605773925781,2.91111731529236,7.70400238037109,5.58117580413818,10.824387550354,6.06455087661743
"Idaho",13,2004,0,0,0.823805630207062,5.24768590927124,2.87461543083191,7.64357566833496,5.58404779434204,10.8435335159302,6.14995765686035
"Idaho",13,2005,0,0,0.919414162635803,5.29857969284058,2.94756245613098,7.58985471725464,5.57446241378784,10.8064498901367,6.19138765335083
"Idaho",13,2006,0,0,0.78029602766037,5.2125997543335,2.99813985824585,7.44566106796265,5.58226585388184,10.8192577362061,6.18578481674194
"Idaho",13,2007,0,0,1.20870578289032,5.29210615158081,2.78071737289429,7.4303503036499,5.62779235839844,10.8535995483398,6.21511459350586
"Idaho",13,2008,0,0,0.431644141674042,5.24665260314941,2.78094696998596,7.37241363525391,5.69927835464478,10.7793731689453,6.19040870666504
"Idaho",13,2009,0,0,0.474967241287231,5.28715181350708,2.83424782752991,7.34302854537964,5.64331817626953,10.7695369720459,6.20614862442017
"Idaho",13,2010,0,0,0.301488697528839,5.15982341766357,2.62294220924377,7.32010364532471,5.63282632827759,10.7582006454468,6.17038202285767
"Illinois",14,2000,0,0,2.0045850276947,6.0387077331543,5.35636281967163,7.85888767242432,6.02391338348389,10.9737348556519,5.92505788803101
"Illinois",14,2001,0,0,2.08881545066833,6.00585651397705,5.32309150695801,7.83303546905518,6.02639484405518,10.9483652114868,5.89904689788818
"Illinois",14,2002,0,0,2.05749654769897,5.90647029876709,5.32863521575928,7.81505155563354,6.01808166503906,10.8544311523438,5.8513126373291
"Illinois",14,2003,0,0,1.98230707645416,5.81907653808594,5.26233577728271,7.78328371047974,6.0113034248352,10.88796043396,5.86411285400391
"Illinois",14,2004,0,0,1.83977711200714,5.8207278251648,5.20539140701294,7.74780797958374,6.00373554229736,10.8815507888794,5.87365484237671
"Illinois",14,2005,0,0,1.82286012172699,5.82564926147461,5.2307448387146,7.7106294631958,6.02366828918457,10.8977203369141,5.88908576965332
"Illinois",14,2006,0,0,1.80476915836334,5.76333284378052,5.22215938568115,7.66115522384644,6.00553131103516,10.8710794448853,5.86224555969238
"Illinois",14,2007,0,0,1.77203118801117,5.76015281677246,5.19688272476196,7.647705078125,6.0374231338501,10.9189538955688,5.86847925186157
"Illinois",14,2008,0,0,1.81773853302002,5.71391487121582,5.23430252075195,7.65022563934326,6.01543521881104,10.8954048156738,5.87060165405273
"Illinois",14,2009,0,0,1.7994179725647,5.65661478042603,5.18903493881226,7.57362794876099,5.98543977737427,10.8919687271118,5.86712789535522
"Illinois",14,2010,0,0,1.70792424678802,5.52311182022095,5.05449295043945,7.53584432601929,5.96506261825562,10.8348836898804,5.93593597412109
"Indiana",15,2000,0,0,1.78569877147675,5.38215446472168,4.66751098632812,7.80453395843506,5.57626008987427,10.8539867401123,5.83624792098999
"Indiana",15,2001,0,0,1.93973433971405,5.42183065414429,4.79408740997314,7.81645202636719,5.63909149169922,10.814323425293,5.86694431304932
"Indiana",15,2002,0,0,1.80049121379852,5.39560604095459,4.70548868179321,7.80070877075195,5.66684627532959,10.8147058486938,5.88980484008789
"Indiana",15,2003,0,0,1.7257981300354,5.40449285507202,4.66696166992188,7.79196119308472,5.6629467010498,10.8256406784058,5.94899702072144
"Indiana",15,2004,0,0,1.6516238451004,5.27190589904785,4.65570735931396,7.80536603927612,5.64324140548706,10.7967147827148,5.98202419281006
"Indiana",15,2005,0,0,1.76514410972595,5.22108840942383,4.71621370315552,7.81708765029907,5.61343717575073,10.7662935256958,5.9948034286499
"Indiana",15,2006,1,0.5,1.74636578559875,5.16445446014404,4.73461151123047,7.7820782661438,5.53093194961548,10.8016757965088,6.02406740188599
"Indiana",15,2007,1,1,1.72589445114136,5.19831705093384,4.82613945007324,7.76733875274658,5.54707765579224,10.8177766799927,6.06506681442261
"Indiana",15,2008,1,1,1.62578272819519,5.23544073104858,4.78594970703125,7.74631881713867,5.52385807037354,10.7601985931396,6.10262537002563
"Indiana",15,2009,1,1,1.59315001964569,5.2572865486145,4.75219392776489,7.6792688369751,5.58260869979858,10.715217590332,6.11855506896973
"Indiana",15,2010,1,1,1.50880980491638,5.23442077636719,4.5674204826355,7.65998935699463,5.48560667037964,10.743371963501,6.0730152130127
"Iowa",16,2000,0,0,0.488555520772934,5.35992860794067,3.63626217842102,7.7438702583313,5.57494354248047,10.8570547103882,5.64146995544434
"Iowa",16,2001,0,0,0.573071002960205,5.36256074905396,3.7120373249054,7.76214838027954,5.58517169952393,10.8290157318115,5.64348363876343
"Iowa",16,2002,0,0,0.440482944250107,5.41690301895142,3.72019743919373,7.78958225250244,5.58281087875366,10.8147659301758,5.69204235076904
"Iowa",16,2003,0,0,0.565680384635925,5.38563919067383,3.68451476097107,7.72652626037598,5.57591533660889,10.800799369812,5.70687580108643
"Iowa",16,2004,0,0,0.433876872062683,5.4312424659729,3.70586252212524,7.68802261352539,5.56552219390869,10.821496963501,5.70044565200806
"Iowa",16,2005,0,0,0.334584623575211,5.44912958145142,3.69582772254944,7.65978288650513,5.57593488693237,10.8577098846436,5.72102737426758
"Iowa",16,2006,0,0,0.647843480110168,5.37134218215942,3.78790378570557,7.63764762878418,5.54266738891602,10.8598251342773,5.6957859992981
"Iowa",16,2007,0,0,0.297037035226822,5.40977764129639,3.80259442329407,7.55889415740967,5.57157373428345,10.8479766845703,5.68290710449219
"Iowa",16,2008,0,0,0.947824597358704,5.36619567871094,3.73411774635315,7.46880912780762,5.59508371353149,10.8351793289185,5.6826548576355
"Iowa",16,2009,0,0,0.243453726172447,5.36302185058594,3.69677734375,7.42077398300171,5.60016393661499,10.8504629135132,5.68985080718994
"Iowa",16,2010,0,0,0.25137060880661,5.35917901992798,3.50650429725647,7.36432456970215,5.58557462692261,10.8031816482544,5.74210786819458
"Kansas",17,2000,0,0,1.86931753158569,5.62555170059204,4.36403799057007,8.0301628112793,5.9193000793457,10.8587102890015,5.76871681213379
"Kansas",17,2001,0,0,1.2588437795639,5.6528902053833,4.5298171043396,7.9891095161438,5.93784999847412,10.8396596908569,5.79389476776123
"Kansas",17,2002,0,0,1.08557379245758,5.57550573348999,4.4090404510498,7.93902158737183,5.9372034072876,10.8523035049438,5.8265962600708
"Kansas",17,2003,0,0,1.55428814888,5.63169002532959,4.44332551956177,8.00912189483643,5.95199108123779,10.8673486709595,5.84551429748535
"Kansas",17,2004,0,0,1.52557373046875,5.61086082458496,4.22373914718628,8.02517604827881,5.9284873008728,10.7664194107056,5.82274770736694
"Kansas",17,2005,0,0,1.33322632312775,5.66799020767212,4.21086597442627,7.95951128005981,5.96882009506226,10.7565832138062,5.83061265945435
"Kansas",17,2006,1,0.600000023841858,1.52489590644836,5.76423788070679,4.2350435256958,7.93896150588989,5.93516159057617,10.8048677444458,5.76503229141235
"Kansas",17,2007,1,1,1.37431967258453,5.81491804122925,4.3017144203186,7.88987493515015,5.94514560699463,10.8395414352417,5.75359010696411
"Kansas",17,2008,1,1,1.40285587310791,5.73044013977051,4.10320711135864,7.80314254760742,5.9138126373291,10.7889680862427,5.72786712646484
"Kansas",17,2009,1,1,1.5040568113327,5.70815229415894,4.16347694396973,7.76553344726562,5.90852975845337,10.7244777679443,5.7400164604187
"Kansas",17,2010,1,1,1.26113665103912,5.61527824401855,3.99809813499451,7.7163667678833,5.92126846313477,10.7413625717163,5.76659679412842
"Kentucky",18,2000,0,0,1.59223818778992,5.23377084732056,4.41780281066895,7.52969217300415,5.52700567245483,10.7345685958862,5.93993902206421
"Kentucky",18,2001,0,0,1.52201819419861,5.02453470230103,4.41576051712036,7.50024652481079,5.53065633773804,10.7650470733643,5.96720123291016
"Kentucky",18,2002,0,0,1.56888329982758,5.12527799606323,4.36571741104126,7.50626754760742,5.53044414520264,10.70445728302,5.99212980270386
"Kentucky",18,2003,0,0,1.50885891914368,4.95910930633545,4.38874006271362,7.45342588424683,5.52906703948975,10.6870918273926,6.02884435653687
"Kentucky",18,2004,0,0,1.76719903945923,4.89937162399292,4.39530086517334,7.46723127365112,5.52997446060181,10.6238603591919,6.09110736846924
"Kentucky",18,2005,0,0,1.5435928106308,4.96785545349121,4.50995063781738,7.45786380767822,5.52857255935669,10.6210098266602,6.18301200866699
"Kentucky",18,2006,1,0.468493163585663,1.43703496456146,5.01140975952148,4.47697353363037,7.45422506332397,5.49043989181519,10.6619310379028,6.16437292098999
"Kentucky",18,2007,1,1,1.6454815864563,5.09605121612549,4.56745862960815,7.42554521560669,5.50098276138306,10.633111000061,6.28034400939941
"Kentucky",18,2008,1,1,1.56229948997498,5.12244510650635,4.56297016143799,7.50679969787598,5.48299741744995,10.6375131607056,6.23937606811523
"Kentucky",18,2009,1,1,1.46496117115021,4.88819646835327,4.45031356811523,7.44739055633545,5.50753545761108,10.6774768829346,6.23223161697388
"Kentucky",18,2010,1,1,1.46579217910767,4.79340219497681,4.46366119384766,7.44905471801758,5.45536994934082,10.6270666122437,6.16500759124756
"Louisiana",19,2000,0,0,2.55908894538879,6.17630958557129,5.15806818008423,8.11111354827881,6.17164659500122,10.5685434341431,6.70015239715576
"Louisiana",19,2001,0,0,2.44858384132385,6.17996025085449,5.20202827453613,8.07819175720215,6.17948198318481,10.6222295761108,6.71795988082886
"Louisiana",19,2002,0,0,2.61297559738159,6.15327501296997,5.0988655090332,8.02815341949463,6.25078392028809,10.6265821456909,6.71994400024414
"Louisiana",19,2003,0,0,2.59455227851868,6.0991735458374,5.07945919036865,7.99586343765259,6.19284915924072,10.5896606445312,6.71723031997681
"Louisiana",19,2004,0,0,2.57279324531555,6.12814140319824,5.00951957702637,8.0263557434082,6.19313097000122,10.6466150283813,6.73718690872192
"Louisiana",19,2005,0,0,2.32739090919495,6.10555219650269,4.80056238174438,7.85186958312988,5.95327138900757,10.6355428695679,6.71172046661377
"Louisiana",19,2006,1,0.375342458486557,2.57315039634705,6.27106380462646,4.93161773681641,7.87262392044067,6.092209815979,10.5829925537109,6.76064586639404
"Louisiana",19,2007,1,1,2.67591285705566,6.28412866592407,4.97881507873535,7.90633487701416,6.17997980117798,10.6792049407959,6.76176929473877
"Louisiana",19,2008,1,1,2.5223650932312,6.20624113082886,4.96928262710571,7.85575342178345,6.25557994842529,10.5982084274292,6.78426361083984
"Louisiana",19,2009,1,1,2.48417806625366,6.158203125,4.93739700317383,7.8580379486084,5.85874795913696,10.74036693573,6.80430936813354
"Louisiana",19,2010,1,1,2.42986440658569,5.98979568481445,4.75398063659668,7.80395317077637,6.02060127258301,10.5826120376587,6.77811622619629
"Maine",20,2000,0,0,0.190344884991646,4.18548250198364,2.99168300628662,7.56417942047119,5.44818735122681,10.7617893218994,4.90824842453003
"Maine",20,2001,0,0,0.417315304279327,4.18947124481201,3.04882550239563,7.58276796340942,5.43110370635986,10.7163934707642,4.91360998153687
"Maine",20,2002,0,0,0.10572013258934,4.06653308868408,3.06508469581604,7.57679843902588,5.4483962059021,10.7069234848022,5.01627206802368
"Maine",20,2003,0,0,0.230512842535973,4.09518194198608,3.12435078620911,7.54552316665649,5.43726301193237,10.691876411438,5.06530570983887
"Maine",20,2004,0,0,0.341923177242279,4.06090068817139,3.1179780960083,7.54135274887085,5.42125511169434,10.7728128433228,5.06438255310059
"Maine",20,2005,0,0,0.392128348350525,4.15087747573853,3.225341796875,7.54254102706909,5.41531610488892,10.8006973266602,5.06002616882324
"Maine",20,2006,0,0,0.554085671901703,4.08554840087891,3.36662650108337,7.56365156173706,5.40237236022949,10.8068351745605,5.07776260375977
"Maine",20,2007,0,0,0.419477820396423,4.11334466934204,3.27881741523743,7.51900959014893,5.43410491943359,10.8270120620728,5.12990856170654
"Maine",20,2008,0,0,0.857512950897217,4.14374589920044,3.23166823387146,7.53788185119629,5.41680812835693,10.7753038406372,5.11746311187744
"Maine",20,2009,0,0,0.680625855922699,4.08182334899902,3.41149067878723,7.50646162033081,5.38075637817383,10.7848968505859,5.1214656829834
"Maine",20,2010,0,0,0.590874969959259,4.08990478515625,3.43868708610535,7.52271270751953,5.3640284538269,10.7817230224609,5.08790302276611
"Maryland",21,2000,0,0,2.11979269981384,6.22684669494629,5.57088708877563,7.94340944290161,5.89250040054321,11.1425428390503,6.12237882614136
"Maryland",21,2001,0,0,2.14120507240295,6.23210573196411,5.55318117141724,7.93179559707642,5.90057849884033,11.0962581634521,6.11630821228027
"Maryland",21,2002,0,0,2.2658429145813,6.21854734420776,5.52984476089478,7.89840221405029,5.90455675125122,11.1325874328613,6.11810350418091
"Maryland",21,2003,0,0,2.2795250415802,6.08483219146729,5.51179647445679,7.82449436187744,5.88346910476685,11.0351800918579,6.09318923950195
"Maryland",21,2004,0,0,2.26272439956665,6.10730266571045,5.46198511123657,7.78140211105347,5.88427209854126,11.0960912704468,6.06253910064697
"Maryland",21,2005,0,0,2.31327271461487,6.05046796798706,5.57317924499512,7.76333904266357,5.89038038253784,11.121111869812,6.0314736366272
"Maryland",21,2006,0,0,2.27446269989014,5.9712324142456,5.54515933990479,7.72778606414795,5.88016986846924,11.1396856307983,6.01269912719727
"Maryland",21,2007,0,0,2.29219818115234,5.93073415756226,5.4673900604248,7.72939825057983,5.90808010101318,11.1420650482178,6.03693389892578
"Maryland",21,2008,0,0,2.17190384864807,5.90269184112549,5.45944261550903,7.77640771865845,5.91395854949951,11.0746841430664,6.02863264083862
"Maryland",21,2009,0,0,2.05476355552673,5.8725757598877,5.36123371124268,7.71020698547363,5.9014720916748,11.0859203338623,5.97831058502197
"Maryland",21,2010,0,0,2.01482534408569,5.79843330383301,5.26158761978149,7.63335371017456,5.87760925292969,11.0670289993286,5.97873449325562
"Massachusetts",22,2000,0,0,0.712879657745361,5.91000556945801,4.55276203155518,7.45032119750977,5.77805376052856,10.9885921478271,5.16461896896362
"Massachusetts",22,2001,0,0,0.842295289039612,5.88323593139648,4.65530920028687,7.45836067199707,5.78508567810059,11.0721235275269,5.14692735671997
"Massachusetts",22,2002,0,0,1.02445256710052,5.8707766532898,4.74868249893188,7.46032476425171,5.76201915740967,11.009108543396,5.11387157440186
"Massachusetts",22,2003,0,0,0.811484694480896,5.79205322265625,4.8584132194519,7.42265176773071,5.7448787689209,11.008843421936,5.1031174659729
"Massachusetts",22,2004,0,0,1.01430082321167,5.7781229019165,4.79315996170044,7.40148544311523,5.74906206130981,11.0028495788574,5.09727478027344
"Massachusetts",22,2005,0,0,1.05741751194,5.77300262451172,4.84224557876587,7.36916255950928,5.75784683227539,11.0439128875732,5.15372657775879
"Massachusetts",22,2006,0,0,1.07176434993744,5.84555435180664,4.84635782241821,7.35612678527832,5.7591028213501,10.9993124008179,5.1438775062561
"Massachusetts",22,2007,0,0,1.07167637348175,5.78579616546631,4.69232273101807,7.38658237457275,5.75484132766724,11.0264186859131,5.17975616455078
"Massachusetts",22,2008,0,0,0.948268115520477,5.77806568145752,4.69403171539307,7.41130685806274,5.74237489700317,11.0199890136719,5.17234468460083
"Massachusetts",22,2009,0,0,0.977186381816864,5.78229665756226,4.74214315414429,7.40259885787964,5.5520167350769,11.0079660415649,5.15786790847778
"Massachusetts",22,2010,0,0,1.17047488689423,5.80954027175903,4.65886878967285,7.38207864761353,5.70532464981079,11.024073600769,5.15698671340942
"Michigan",23,2000,0,0,1.93225371837616,5.91085910797119,4.95249605178833,7.76261806488037,5.67990970611572,10.9616765975952,6.19953346252441
"Michigan",23,2001,0,0,1.93141901493073,5.92762470245361,4.88900756835938,7.75257873535156,5.68218278884888,10.9237241744995,6.21764993667603
"Michigan",23,2002,0,0,1.93446576595306,5.91810941696167,4.79514837265015,7.69076347351074,5.65813112258911,10.854546546936,6.24684762954712
"Michigan",23,2003,0,0,1.82913148403168,5.85278940200806,4.74087810516357,7.66027593612671,5.64562225341797,10.8850603103638,6.21925449371338
"Michigan",23,2004,0,0,1.87518417835236,5.79111862182617,4.74477815628052,7.58973264694214,5.6366376876831,10.7949934005737,6.20622444152832
"Michigan",23,2005,0,0,1.85249400138855,5.92052841186523,4.90748453140259,7.58443975448608,5.59830665588379,10.8454456329346,6.21901941299438
"Michigan",23,2006,1,0.246575340628624,1.96872019767761,5.89562511444092,4.94898080825806,7.58736562728882,5.54715490341187,10.8705854415894,6.2361421585083
"Michigan",23,2007,1,1,1.88224601745605,5.85137033462524,4.88579082489014,7.5451226234436,5.56347942352295,10.857382774353,6.20989847183228
"Michigan",23,2008,1,1,1.70743525028229,5.79786109924316,4.88081502914429,7.51441717147827,5.57498168945312,10.8281030654907,6.18448495864868
"Michigan",23,2009,1,1,1.82546317577362,5.77222108840942,4.81854343414307,7.48397731781006,5.53416872024536,10.7526340484619,6.11590051651001
"Michigan",23,2010,1,1,1.74436211585999,5.76892614364624,4.75349617004395,7.42963218688965,5.50740623474121,10.7459383010864,6.09851264953613
"Minnesota",24,2000,0,0,1.14950215816498,5.08236598968506,4.35181760787964,7.81277847290039,5.52162885665894,11.1373300552368,4.8706374168396
"Minnesota",24,2001,0,0,0.900374591350555,4.9794774055481,4.35289335250854,7.85346460342407,5.53673410415649,11.0802793502808,4.91698455810547
"Minnesota",24,2002,0,0,0.830296754837036,4.98049259185791,4.38997220993042,7.8248028755188,5.55189990997314,11.1004362106323,4.98372411727905
"Minnesota",24,2003,0,0,0.948378026485443,4.98477649688721,4.37446022033691,7.76739692687988,5.52592611312866,11.0448560714722,5.07436895370483
"Minnesota",24,2004,0,0,0.823649406433105,5.01155948638916,4.40766000747681,7.73540544509888,5.53548908233643,11.0784435272217,5.17398452758789
"Minnesota",24,2005,0,0,0.834941565990448,5.09529161453247,4.5504207611084,7.73662614822388,5.54681921005249,11.0112247467041,5.2257342338562
"Minnesota",24,2006,0,0,0.899290204048157,5.1423716545105,4.66250276565552,7.71661233901978,5.54148292541504,11.0151147842407,5.17201137542725
"Minnesota",24,2007,0,0,0.810971200466156,5.08115100860596,4.52727317810059,7.71780347824097,5.5688624382019,11.0194644927979,5.21305418014526
"Minnesota",24,2008,0,0,0.743578970432281,4.99834537506104,4.39005851745605,7.68364143371582,5.5771632194519,10.9262981414795,5.25353097915649
"Minnesota",24,2009,0,0,0.355019778013229,4.95910835266113,4.24490785598755,7.61419296264648,5.57676267623901,10.9510869979858,5.25989389419556
"Minnesota",24,2010,0,0,0.597912549972534,4.91997337341309,4.16155958175659,7.58020496368408,5.54467582702637,10.8695964813232,5.22329378128052
"Mississippi",25,2000,0,0,2.22735238075256,5.43280553817749,4.58820629119873,7.83887624740601,5.62435817718506,10.6788139343262,6.60155439376831
"Mississippi",25,2001,0,0,2.32315850257874,5.25350093841553,4.78110933303833,7.8419919013977,5.69982576370239,10.522557258606,6.65519714355469
"Mississippi",25,2002,0,0,2.25263142585754,5.21583271026611,4.79518747329712,7.83959627151489,5.71040487289429,10.5301742553711,6.57631254196167
"Mississippi",25,2003,0,0,2.26023864746094,5.18496942520142,4.68467664718628,7.80475759506226,5.63255882263184,10.5661497116089,6.60550212860107
"Mississippi",25,2004,0,0,2.09095144271851,5.11641359329224,4.49124670028687,7.75489044189453,5.75496482849121,10.599555015564,6.6174693107605
"Mississippi",25,2005,0,0,2.02518129348755,5.04057884216309,4.4445104598999,7.67575025558472,5.70726203918457,10.510968208313,6.58811712265015
"Mississippi",25,2006,1,0.5,2.07581353187561,5.03690099716187,4.71671676635742,7.59827423095703,5.75603485107422,10.5336952209473,6.58458662033081
"Mississippi",25,2007,1,1,1.9487167596817,5.00875759124756,4.59579515457153,7.58515071868896,5.69602680206299,10.5764579772949,6.64879608154297
"Mississippi",25,2008,1,1,2.08156681060791,5.08135080337524,4.66281938552856,7.52819395065308,5.64336538314819,10.5161561965942,6.65874195098877
"Mississippi",25,2009,1,1,1.8929226398468,4.99073696136475,4.62104511260986,7.49037027359009,5.70347213745117,10.4817008972168,6.60003519058228
"Mississippi",25,2010,1,1,1.95014452934265,4.92866230010986,4.54245281219482,7.48630475997925,5.85492992401123,10.5449466705322,6.56806945800781
"Missouri",26,2000,0,0,1.85422003269196,5.80983257293701,4.94053554534912,7.98493909835815,5.68642616271973,10.9525241851807,6.22253656387329
"Missouri",26,2001,0,0,1.91746973991394,5.94827890396118,4.95672988891602,8.02683639526367,5.74646186828613,10.8378343582153,6.26521253585815
"Missouri",26,2002,0,0,1.79370152950287,5.97835445404053,4.84867143630981,7.97401857376099,5.83521461486816,10.855975151062,6.30383062362671
"Missouri",26,2003,0,0,1.65279459953308,5.87433576583862,4.79413890838623,7.97934627532959,5.84108543395996,10.8566694259644,6.30536985397339
"Missouri",26,2004,0,0,1.84642791748047,5.86869764328003,4.77649116516113,7.94915103912354,5.83315992355347,10.7921600341797,6.32148313522339
"Missouri",26,2005,0,0,1.96541833877563,5.93326663970947,4.85024690628052,7.94743537902832,5.7992377281189,10.7791433334351,6.30498266220093
"Missouri",26,2006,0,0,1.84572267532349,5.93848943710327,4.8677282333374,7.87415075302124,5.80411338806152,10.7832593917847,6.24672365188599
"Missouri",26,2007,1,0.339726030826569,1.83896350860596,5.97772026062012,4.88543033599854,7.89311504364014,5.83463621139526,10.7867794036865,6.23777627944946
"Missouri",26,2008,1,1,2.04931616783142,5.84248638153076,4.83551788330078,7.84548711776733,5.84613513946533,10.7497844696045,6.24195671081543
"Missouri",26,2009,1,1,1.88014483451843,5.82934904098511,4.83594274520874,7.77656030654907,5.8492169380188,10.811222076416,6.24926567077637
"Missouri",26,2010,1,1,1.95252990722656,5.77847623825073,4.63355159759521,7.76395606994629,5.8343391418457,10.7403888702393,6.24178171157837
"Montana",27,2000,0,0,0.823901832103729,5.55834436416626,3.14137554168701,8.0197639465332,5.6258716583252,10.6334247589111,5.86893844604492
"Montana",27,2001,0,0,1.35201907157898,5.7395453453064,3.26373791694641,7.93956899642944,5.69658803939819,10.585675239563,5.9357852935791
"Montana",27,2002,0,0,0.592638075351715,5.70650672912598,3.465496301651,7.89239311218262,5.72364568710327,10.6506252288818,5.92867231369019
"Montana",27,2003,0,0,1.21234440803528,5.74027347564697,3.50824046134949,7.84566259384155,5.73050308227539,10.6074514389038,6.00537633895874
"Montana",27,2004,0,0,1.20186281204224,5.49095153808594,3.25170397758484,7.80318355560303,5.7240138053894,10.57630443573,6.0634822845459
"Montana",27,2005,0,0,0.681382179260254,5.45863676071167,2.96716022491455,7.86819934844971,5.72695541381836,10.6376085281372,5.96062994003296
"Montana",27,2006,0,0,1.28073525428772,5.74393510818481,3.20969581604004,7.74017953872681,5.67482137680054,10.7021427154541,5.93525552749634
"Montana",27,2007,0,0,0.887560665607452,5.72625494003296,3.19014573097229,7.75277137756348,5.66814470291138,10.7343511581421,5.90166807174683
"Montana",27,2008,0,0,1.23840117454529,5.49808883666992,3.05509948730469,7.68930244445801,5.62835073471069,10.6792049407959,5.93252515792847
"Montana",27,2009,1,0.676712334156036,1.20787942409515,5.42968225479126,3.17148900032043,7.62174797058105,5.73677587509155,10.6238851547241,5.93222045898438
"Montana",27,2010,1,1,0.971881687641144,5.40498542785645,2.7700309753418,7.61672258377075,5.70029020309448,10.6326532363892,5.93418836593628
"Nebraska",28,2000,0,0,1.33346402645111,5.47432851791382,4.23523426055908,7.99231004714966,5.60902738571167,10.8754024505615,5.45777797698975
"Nebraska",28,2001,0,0,0.950365960597992,5.38118267059326,4.21736717224121,8.06178283691406,5.60808420181274,10.8913354873657,5.46733999252319
"Nebraska",28,2002,0,0,1.05102634429932,5.35649824142456,4.39433002471924,8.02799701690674,5.62423276901245,10.8564376831055,5.48827075958252
"Nebraska",28,2003,0,0,1.19942307472229,5.29970216751099,4.23454761505127,7.97209453582764,5.619553565979,10.861515045166,5.47807121276855
"Nebraska",28,2004,0,0,0.857719361782074,5.35613918304443,4.20586776733398,7.91387319564819,5.64583587646484,10.8305597305298,5.49487257003784
"Nebraska",28,2005,0,0,0.946881115436554,5.29039144515991,4.10966730117798,7.88505554199219,5.59932518005371,10.887866973877,5.56447410583496
"Nebraska",28,2006,0,0,1.09767067432404,5.2676944732666,4.1635274887085,7.83716344833374,5.59831857681274,10.8602285385132,5.51832818984985
"Nebraska",28,2007,0,0,1.37825191020966,5.35980081558228,4.14726305007935,7.76306104660034,5.56812286376953,10.8533868789673,5.54269981384277
"Nebraska",28,2008,0,0,1.36003577709198,5.30653047561646,4.29373836517334,7.6815595626831,5.6043815612793,10.846809387207,5.54219675064087
"Nebraska",28,2009,0,0,0.838808178901672,5.23325729370117,4.23184204101562,7.65722560882568,5.60472726821899,10.8280239105225,5.53127431869507
"Nebraska",28,2010,0,0,1.09132552146912,5.21995210647583,4.03478956222534,7.61779308319092,5.58597803115845,10.8729019165039,5.53332281112671
"Nevada",29,2000,0,0,1.8819477558136,5.5276608467102,5.44347810745239,7.71691703796387,5.89546346664429,10.967077255249,6.23875617980957
"Nevada",29,2001,0,0,2.16166877746582,5.72712421417236,5.47221183776855,7.6847505569458,5.89310216903687,10.9316062927246,6.20208501815796
"Nevada",29,2002,0,0,2.13520240783691,5.87641716003418,5.47722434997559,7.70432662963867,5.96216106414795,10.9057178497314,6.19373846054077
"Nevada",29,2003,0,0,2.18872451782227,5.83084201812744,5.46673059463501,7.78960609436035,5.87455368041992,10.888650894165,6.16873836517334
"Nevada",29,2004,0,0,2.01147985458374,5.89376258850098,5.36199569702148,7.7313723564148,5.85679149627686,10.9057178497314,6.20227909088135
"Nevada",29,2005,0,0,2.15765261650085,5.904296875,5.28551959991455,7.68900632858276,5.88205862045288,10.8938093185425,6.20410442352295
"Nevada",29,2006,0,0,2.20344924926758,6.02426862716675,5.64199352264404,7.61095809936523,5.89674377441406,10.9426507949829,6.24797439575195
"Nevada",29,2007,0,0,2.04825735092163,6.10341596603394,5.63033580780029,7.60201978683472,5.94850158691406,10.9480838775635,6.28857707977295
"Nevada",29,2008,0,0,1.86874461174011,6.08405447006226,5.53850317001343,7.57750463485718,5.84995460510254,10.923002243042,6.21553659439087
"Nevada",29,2009,0,0,1.81284058094025,6.10706853866577,5.46715497970581,7.50939607620239,5.98475933074951,10.864426612854,6.1950273513794
"Nevada",29,2010,0,0,1.77382719516754,6.05435371398926,5.28631687164307,7.36898565292358,5.90879106521606,10.8498220443726,6.15688180923462
"New Hampshire",30,2000,0,0,0.605930030345917,4.57964658737183,3.63077974319458,7.45571899414062,5.32888317108154,11.0740795135498,5.2366795539856
"New Hampshire",30,2001,0,0,0.328801482915878,4.60546779632568,3.59366250038147,7.40207147598267,5.39807558059692,11.0543127059937,5.27547311782837
"New Hampshire",30,2002,0,0,-0.0319160670042038,4.56067514419556,3.5066249370575,7.35970449447632,5.31638145446777,11.11314868927,5.287428855896
"New Hampshire",30,2003,0,0,0.306227922439575,4.38276767730713,3.64680075645447,7.37319660186768,5.36284828186035,11.0954990386963,5.27030563354492
"New Hampshire",30,2004,0,0,0.297954231500626,4.57052707672119,3.67934894561768,7.35428142547607,5.34478902816772,11.0910415649414,5.26776742935181
"New Hampshire",30,2005,0,0,0.400881439447403,4.33476877212524,3.35633969306946,7.2815899848938,5.49495458602905,11.0610284805298,5.29241704940796
"New Hampshire",30,2006,0,0,-0.0113925719633698,4.54248428344727,3.54615092277527,7.36492300033569,5.4936261177063,11.1126565933228,5.36281681060791
"New Hampshire",30,2007,0,0,-0.0878994464874268,4.42112684249878,3.51396870613098,7.3001708984375,5.51544857025146,11.1712799072266,5.41437864303589
"New Hampshire",30,2008,0,0,0.0646924525499344,4.58725690841675,3.47536849975586,7.4386944770813,5.54919290542603,11.112642288208,5.39947938919067
"New Hampshire",30,2009,0,0,-0.178845047950745,4.56292009353638,3.54135680198669,7.45549201965332,5.54087018966675,11.0850610733032,5.33568286895752
"New Hampshire",30,2010,0,0,-0.0124263148754835,4.60952520370483,3.53409171104431,7.43823432922363,5.5661416053772,11.1080656051636,5.34597253799438
"New Jersey",31,2000,0,0,1.25732862949371,5.33767700195312,5.10526514053345,7.54570150375366,6.14167594909668,11.0637903213501,5.89262866973877
"New Jersey",31,2001,0,0,1.39952456951141,5.34491300582886,5.13705253601074,7.54022312164307,6.14902687072754,11.0628499984741,5.82743167877197
"New Jersey",31,2002,0,0,1.39573621749878,5.28647232055664,5.11332941055298,7.47511577606201,6.1392822265625,11.0994386672974,5.80579519271851
"New Jersey",31,2003,0,0,1.57030296325684,5.27215194702148,5.0626220703125,7.42955112457275,6.15810632705688,11.1040697097778,5.77661180496216
"New Jersey",31,2004,0,0,1.52822315692902,5.2462649345398,5.03549480438232,7.40619468688965,6.15845918655396,11.0635557174683,5.75151252746582
"New Jersey",31,2005,0,0,1.58791732788086,5.24010038375854,5.04393911361694,7.38057994842529,6.17151355743408,11.1672191619873,5.77163171768188
"New Jersey",31,2006,0,0,1.58805680274963,5.18366765975952,5.03114366531372,7.34182596206665,6.03513431549072,11.2063732147217,5.74851226806641
"New Jersey",31,2007,0,0,1.48036682605743,5.1210560798645,4.97496366500854,7.33140707015991,6.17515230178833,11.060809135437,5.73473167419434
"New Jersey",31,2008,0,0,1.4684431552887,5.09646511077881,4.98828983306885,7.37780427932739,6.18480253219604,11.0994081497192,5.70289659500122
"New Jersey",31,2009,0,0,1.30498325824738,5.09471464157104,4.90190887451172,7.30194234848022,6.17586421966553,11.0950736999512,5.68158769607544
"New Jersey",31,2010,0,0,1.4438658952713,5.06622838973999,4.90504312515259,7.29332256317139,6.12419843673706,11.0594253540039,5.65457487106323
"New Mexico",32,2000,0,0,2.02453875541687,6.3523440361023,4.94290971755981,8.08616828918457,5.72134971618652,10.7017154693604,5.7026195526123
"New Mexico",32,2001,0,0,1.70874333381653,6.38637495040894,5.01277685165405,8.05395412445068,5.47859764099121,10.6162662506104,5.75621509552002
"New Mexico",32,2002,0,0,2.12316346168518,6.34247779846191,4.79821920394897,7.98496150970459,5.74046230316162,10.6683044433594,5.79696273803711
"New Mexico",32,2003,0,0,1.84217643737793,6.25204467773438,4.65748167037964,7.92019414901733,5.57922983169556,10.6362638473511,5.82459354400635
"New Mexico",32,2004,0,0,2.20521306991577,6.26657390594482,4.70674610137939,7.93563938140869,5.66445589065552,10.7291097640991,5.83608102798462
"New Mexico",32,2005,0,0,2.03213405609131,6.2075891494751,4.608238697052,7.89614009857178,5.68152856826782,10.6804704666138,5.8527421951294
"New Mexico",32,2006,0,0,1.95448350906372,6.20100975036621,4.68404006958008,7.7760705947876,5.48912191390991,10.6755847930908,5.82794666290283
"New Mexico",32,2007,0,0,2.25900721549988,6.23193311691284,4.78688383102417,7.7686128616333,5.67160892486572,10.7502784729004,5.80757331848145
"New Mexico",32,2008,0,0,2.03397059440613,6.19222831726074,4.69748830795288,7.78132343292236,5.68289566040039,10.6604309082031,5.78770112991333
"New Mexico",32,2009,0,0,2.31026101112366,6.18209314346313,4.58830499649048,7.76233911514282,5.81908893585205,10.6978588104248,5.80447006225586
"New Mexico",32,2010,0,0,1.94137167930603,6.13528537750244,4.37201547622681,7.68836212158203,5.69004678726196,10.7165927886963,5.78926944732666
"New York",33,2000,0,0,1.64384698867798,5.78888034820557,5.39530181884766,7.52462911605835,6.15350532531738,10.8510246276855,5.94435691833496
"New York",33,2001,0,0,1.65018558502197,5.73337459564209,5.28982543945312,7.48802518844604,6.14880228042603,10.8563995361328,5.90362405776978
"New York",33,2002,0,0,1.58812940120697,5.66477155685425,5.28503465652466,7.44566965103149,6.07786512374878,10.8368520736694,5.88920211791992
"New York",33,2003,0,0,1.61370146274567,5.57353496551514,5.25964879989624,7.42312908172607,5.95156574249268,10.834174156189,5.85940885543823
"New York",33,2004,0,0,1.56250619888306,5.52841663360596,5.1918888092041,7.42007303237915,6.14008903503418,10.8500747680664,5.83514928817749
"New York",33,2005,0,0,1.54436635971069,5.51093816757202,5.2394905090332,7.39019632339478,6.10538387298584,10.872142791748,5.81808805465698
"New York",33,2006,0,0,1.56570160388947,5.46049928665161,5.18599367141724,7.33981275558472,6.09970808029175,10.8618221282959,5.7928671836853
"New York",33,2007,0,0,1.42790675163269,5.45811080932617,5.08294916152954,7.32013511657715,6.11141920089722,10.8487157821655,5.78319549560547
"New York",33,2008,0,0,1.45928287506104,5.37897968292236,5.09752988815308,7.3353419303894,6.03222894668579,10.8415203094482,5.73852062225342
"New York",33,2009,0,0,1.39148604869843,5.41386079788208,4.97589349746704,7.3184871673584,6.06878042221069,10.8404626846313,5.71088457107544
"New York",33,2010,0,0,1.50099110603333,5.42602396011353,4.9938178062439,7.31734228134155,6.0684380531311,10.816291809082,5.68185949325562
"North Carolina",34,2000,0,0,1.97181379795074,5.75904273986816,5.08493232727051,8.00166988372803,5.8473949432373,10.789608001709,6.00263500213623
"North Carolina",34,2001,0,0,1.8510240316391,5.73586893081665,5.12228536605835,8.00329780578613,5.85334014892578,10.7578601837158,5.99930047988892
"North Carolina",34,2002,0,0,1.91629612445831,5.70284700393677,5.01962184906006,7.95283794403076,5.84468078613281,10.6977233886719,6.0080828666687
"North Carolina",34,2003,0,0,1.82636225223541,5.65899133682251,5.01139116287231,7.95466709136963,5.85600996017456,10.6963443756104,6.02091550827026
"North Carolina",34,2004,0,0,1.8614205121994,5.65339756011963,4.95910501480103,7.91812944412231,5.87932634353638,10.7460460662842,6.06020402908325
"North Carolina",34,2005,0,0,1.93948149681091,5.69960784912109,5.01209592819214,7.87419939041138,5.88121271133423,10.7572641372681,6.06923151016235
"North Carolina",34,2006,0,0,1.80783188343048,5.66988611221313,5.02789211273193,7.84853601455688,5.84733533859253,10.669792175293,6.04729175567627
"North Carolina",34,2007,0,0,1.88807559013367,5.68145322799683,5.03228664398193,7.87997102737427,5.8445234298706,10.7311000823975,6.05930757522583
"North Carolina",34,2008,0,0,1.90137708187103,5.65830135345459,5.06563091278076,7.86103963851929,5.87051439285278,10.679895401001,6.07974863052368
"North Carolina",34,2009,0,0,1.68748736381531,5.55244874954224,4.8730959892273,7.77780199050903,5.87971067428589,10.6595621109009,6.08825349807739
"North Carolina",34,2010,0,0,1.61785614490509,5.4761061668396,4.6229977607727,7.69637966156006,5.84924936294556,10.686315536499,6.05196905136108
"North Dakota",35,2000,0,0,-0.43594416975975,3.86134123802185,2.20311307907104,7.49174070358276,5.48093128204346,10.7271146774292,5.15876722335815
"North Dakota",35,2001,0,0,0.136322259902954,3.80354022979736,2.28475666046143,7.54770565032959,5.49895477294922,10.6937618255615,5.21149587631226
"North Dakota",35,2002,0,0,-0.199252441525459,3.78973174095154,2.25175261497498,7.54149913787842,5.53214502334595,10.6890544891357,5.20522499084473
"North Dakota",35,2003,0,0,0.39018902182579,3.84895634651184,2.16325640678406,7.43548154830933,5.55115842819214,10.7769956588745,5.31502437591553
"North Dakota",35,2004,0,0,0.271659463644028,3.99131059646606,1.95341801643372,7.35294771194458,5.578688621521,10.7204217910767,5.38289403915405
"North Dakota",35,2005,0,0,0.677200019359589,4.32351970672607,2.18127727508545,7.37546825408936,5.56441116333008,10.760495185852,5.42574882507324
"North Dakota",35,2006,0,0,0.229622289538383,4.81331348419189,2.48091411590576,7.32344198226929,5.53974485397339,10.7007246017456,5.36762428283691
"North Dakota",35,2007,1,0.413698643445969,0.786345481872559,4.91001749038696,2.43774747848511,7.30580854415894,5.56426763534546,10.8125324249268,5.40287923812866
"North Dakota",35,2008,1,1,-0.24469056725502,4.89345788955688,2.43633103370667,7.32863521575928,5.56824541091919,10.8249444961548,5.42656898498535
"North Dakota",35,2009,1,1,0.629038393497467,5.32038640975952,2.81696057319641,7.30043840408325,5.60289430618286,10.8376579284668,5.44797515869141
"North Dakota",35,2010,1,1,0.406944662332535,5.17423391342163,2.6041693687439,7.21708726882935,5.62188053131104,10.8470039367676,5.40887546539307
"Ohio",36,2000,0,0,1.33010220527649,5.07231855392456,4.95028781890869,7.88349342346191,5.69712448120117,10.9040279388428,6.02738046646118
"Ohio",36,2001,0,0,1.40646386146545,5.0856728553772,5.04538822174072,7.89081525802612,5.68162298202515,10.848560333252,6.01342439651489
"Ohio",36,2002,0,0,1.55378091335297,5.02484941482544,5.07941436767578,7.85587406158447,5.71138572692871,10.8538122177124,6.01715087890625
"Ohio",36,2003,0,0,1.55264782905579,4.97416973114014,5.02211952209473,7.8348183631897,5.64762592315674,10.8511219024658,5.99681854248047
"Ohio",36,2004,0,0,1.51217138767242,4.97270584106445,5.05152559280396,7.83589267730713,5.52645111083984,10.8137197494507,5.99573183059692
"Ohio",36,2005,0,0,1.66559529304504,4.97996616363525,5.12030649185181,7.824622631073,5.63043594360352,10.8070573806763,6.01869058609009
"Ohio",36,2006,0,0,1.54669785499573,4.97498321533203,5.13047456741333,7.80929374694824,5.55274820327759,10.8124713897705,6.05993986129761
"Ohio",36,2007,0,0,1.52924370765686,4.9691891670227,5.07422208786011,7.74516677856445,5.59838342666626,10.8518772125244,6.09254789352417
"Ohio",36,2008,1,0.306849300861359,1.56906759738922,4.96681070327759,5.09915781021118,7.73104429244995,5.61409091949463,10.7690744400024,6.11027479171753
"Ohio",36,2009,1,1,1.52123785018921,4.93369340896606,5.03366088867188,7.68236112594604,5.55620050430298,10.7501277923584,6.10543060302734
"Ohio",36,2010,1,1,1.41815590858459,4.91491794586182,4.96258020401001,7.66883659362793,5.49223375320435,10.7384166717529,6.10618305206299
"Oklahoma",37,2000,0,0,1.6959662437439,5.96142816543579,4.3609790802002,7.96527051925659,5.73892116546631,10.6228628158569,6.54304790496826
"Oklahoma",37,2001,0,0,1.7095091342926,5.98534917831421,4.40705394744873,7.94589996337891,5.75407648086548,10.6886215209961,6.52279138565063
"Oklahoma",37,2002,0,0,1.57343292236328,5.9435019493103,4.47465229034424,7.99445629119873,5.74687576293945,10.6961631774902,6.50989103317261
"Oklahoma",37,2003,0,0,1.80245900154114,5.9338903427124,4.55296087265015,8.02098178863525,5.7324743270874,10.6586933135986,6.51001930236816
"Oklahoma",37,2004,0,0,1.69580376148224,5.92741394042969,4.50598335266113,7.99561262130737,5.72403144836426,10.7304220199585,6.52708101272583
"Oklahoma",37,2005,0,0,1.69494450092316,5.94770860671997,4.5440731048584,7.91290521621704,5.76556968688965,10.6464719772339,6.65535545349121
"Oklahoma",37,2006,1,0.161643832921982,1.75981032848358,5.89988803863525,4.47425031661987,7.73500108718872,5.72801351547241,10.6454010009766,6.5974268913269
"Oklahoma",37,2007,1,1,1.83008205890656,5.89369010925293,4.54942846298218,7.72006511688232,5.75245475769043,10.7242364883423,6.58293724060059
"Oklahoma",37,2008,1,1,1.77134656906128,5.95318078994751,4.62569999694824,7.70245265960693,5.76946067810059,10.751371383667,6.57536745071411
"Oklahoma",37,2009,1,1,1.86900806427002,5.91915655136108,4.5327877998352,7.75003051757812,5.80501461029053,10.7501068115234,6.59469270706177
"Oklahoma",37,2010,1,1,1.65774321556091,5.85783290863037,4.49757099151611,7.68025922775269,5.74926328659058,10.6782150268555,6.56024122238159
"Oregon",38,2000,0,0,0.738769948482513,5.44649696350098,4.45859432220459,8.13624382019043,5.43976974487305,10.893196105957,5.756995677948
"Oregon",38,2001,0,0,0.90582275390625,5.27632474899292,4.39399862289429,8.19522190093994,5.43431758880615,10.8362226486206,5.81725168228149
"Oregon",38,2002,0,0,0.737402975559235,5.20043325424194,4.37717962265015,8.14698505401611,5.40698146820068,10.8329315185547,5.86045694351196
"Oregon",38,2003,0,0,0.669218957424164,5.20953702926636,4.40373229980469,8.16416454315186,5.37276935577393,10.8069162368774,5.90024900436401
"Oregon",38,2004,0,0,0.940538108348846,5.23555326461792,4.36044836044312,8.11804866790771,5.28347730636597,10.7646675109863,5.92741203308105
"Oregon",38,2005,0,0,0.809650421142578,5.22547435760498,4.24283075332642,8.06555938720703,5.34413003921509,10.8060646057129,5.93145418167114
"Oregon",38,2006,0,0,0.866214096546173,5.1625714302063,4.29431915283203,7.89026641845703,5.30766153335571,10.8380899429321,5.9145393371582
"Oregon",38,2007,0,0,0.695989608764648,5.18886852264404,4.35120058059692,7.85202932357788,5.60446262359619,10.874758720398,5.93501615524292
"Oregon",38,2008,0,0,0.822178065776825,5.06629371643066,4.26410341262817,7.81581974029541,5.58636093139648,10.8662996292114,5.93819761276245
"Oregon",38,2009,0,0,0.859038949012756,5.11061382293701,4.20534801483154,7.7328610420227,5.61478185653687,10.8179569244385,5.95689392089844
"Oregon",38,2010,0,0,0.87184488773346,5.05381107330322,4.14003419876099,7.73325681686401,5.59063816070557,10.8302431106567,5.90879774093628
"Pennsylvania",39,2000,0,0,1.62553417682648,5.52013063430786,5.03197813034058,7.55298709869385,5.42195606231689,10.8855657577515,5.73980617523193
"Pennsylvania",39,2001,0,0,1.70327353477478,5.49338054656982,4.99471998214722,7.54125928878784,5.36110782623291,10.8887634277344,5.77173566818237
"Pennsylvania",39,2002,0,0,1.65723514556885,5.46318531036377,4.97159576416016,7.48750448226929,5.46755886077881,10.8494539260864,5.8219108581543
"Pennsylvania",39,2003,0,0,1.69137382507324,5.42361927032471,5.01604270935059,7.48938417434692,5.43135929107666,10.8375597000122,5.83766841888428
"Pennsylvania",39,2004,0,0,1.69299650192261,5.46801853179932,5.0401439666748,7.4906849861145,5.41983842849731,10.8378343582153,5.83644866943359
"Pennsylvania",39,2005,0,0,1.84228885173798,5.49634265899658,5.07764196395874,7.49224996566772,5.43524312973022,10.8534069061279,5.86867952346802
"Pennsylvania",39,2006,0,0,1.79518687725067,5.47032070159912,5.13214826583862,7.46634244918823,5.40963459014893,10.8671007156372,5.87737512588501
"Pennsylvania",39,2007,0,0,1.77951157093048,5.41970825195312,5.05611705780029,7.44106817245483,5.4745626449585,10.8382863998413,5.91536378860474
"Pennsylvania",39,2008,0,0,1.73923766613007,5.41759538650513,5.02369451522827,7.47561359405518,5.47512102127075,10.8599987030029,5.98402833938599
"Pennsylvania",39,2009,0,0,1.66864168643951,5.35125160217285,4.94054412841797,7.39911270141602,5.46267461776733,10.7989015579224,6.01831674575806
"Pennsylvania",39,2010,0,0,1.6464204788208,5.32766056060791,4.86145305633545,7.38550853729248,5.45047521591187,10.7884941101074,6.00348043441772
"Rhode Island",40,2000,0,0,1.49461925029755,5.15074586868286,4.51450204849243,7.68848037719727,5.73194122314453,10.8860530853271,5.7853832244873
"Rhode Island",40,2001,0,0,1.34107387065887,5.19340133666992,4.57116842269897,7.75809955596924,5.70694494247437,10.938627243042,5.7611494064331
"Rhode Island",40,2002,0,0,1.38068866729736,5.10491180419922,4.48713302612305,7.7550482749939,5.71334552764893,10.8475494384766,5.8333330154419
"Rhode Island",40,2003,0,0,0.879769802093506,5.10747909545898,4.38231945037842,7.67413234710693,5.71287202835083,10.8781223297119,5.82909679412842
"Rhode Island",40,2004,0,0,0.919177651405334,5.03633689880371,4.25549459457397,7.64259386062622,5.69830131530762,10.921088218689,5.80139636993408
"Rhode Island",40,2005,0,0,1.19163548946381,5.02855443954468,4.31942749023438,7.54687452316284,5.7380542755127,10.9199132919312,5.86885261535645
"Rhode Island",40,2006,0,0,0.927829265594482,4.87907314300537,4.23864269256592,7.47636651992798,5.71006011962891,10.9700927734375,5.92504167556763
"Rhode Island",40,2007,0,0,0.581638753414154,4.87137699127197,4.26920175552368,7.49657869338989,5.7205286026001,10.9508943557739,5.93573951721191
"Rhode Island",40,2008,0,0,1.07851934432983,4.93277645111084,4.42445421218872,7.59327983856201,5.72786092758179,10.8951635360718,5.94976902008057
"Rhode Island",40,2009,0,0,1.1073557138443,4.99726104736328,4.3073034286499,7.51480293273926,5.70970964431763,10.8683013916016,5.85065603256226
"Rhode Island",40,2010,0,0,1.01226449012756,5.02022457122803,4.30426263809204,7.46453094482422,5.70456075668335,10.8573436737061,5.76377153396606
"South Carolina",41,2000,0,0,2.01568293571472,6.47114849090576,5.07788467407227,8.08150386810303,5.75857543945312,10.7699155807495,6.33101511001587
"South Carolina",41,2001,0,0,2.12838172912598,6.45703935623169,5.02663469314575,8.07919788360596,5.74810600280762,10.7466268539429,6.35393190383911
"South Carolina",41,2002,0,0,2.01526403427124,6.4735836982727,4.97929096221924,8.03970241546631,5.72144269943237,10.7326288223267,6.39203357696533
"South Carolina",41,2003,0,0,2.02271747589111,6.45144987106323,4.97477006912231,8.06727695465088,5.71612453460693,10.7280139923096,6.38301610946655
"South Carolina",41,2004,0,0,1.952263712883,6.44794654846191,4.90294027328491,8.07915592193604,5.88450050354004,10.7068557739258,6.3579592704773
"South Carolina",41,2005,0,0,2.0324215888977,6.39989233016968,4.92367744445801,8.03093910217285,5.90970802307129,10.7128829956055,6.33321046829224
"South Carolina",41,2006,1,0.558904111385345,2.12827324867249,6.36958026885986,4.91793298721313,7.9714183807373,5.8041205406189,10.6652507781982,6.30355024337769
"South Carolina",41,2007,1,1,2.12878584861755,6.40116930007935,4.98626613616943,7.97936058044434,5.84737062454224,10.7470569610596,6.32735013961792
"South Carolina",41,2008,1,1,1.9419367313385,6.30779123306274,5.00930786132812,7.96197938919067,5.85174226760864,10.6616735458374,6.31439018249512
"South Carolina",41,2009,1,1,1.93229603767395,6.25861930847168,4.86946105957031,7.90096187591553,5.67549276351929,10.6401491165161,6.30972194671631
"South Carolina",41,2010,1,1,1.80940198898315,6.1230731010437,4.68819904327393,7.87860441207886,5.72356557846069,10.6384725570679,6.24268198013306
"South Dakota",42,2000,0,0,-0.0370562672615051,4.72144794464111,2.89223074913025,7.45514678955078,5.51977157592773,10.7403240203857,5.88643503189087
"South Dakota",42,2001,0,0,-0.039176732301712,4.58017826080322,2.64964199066162,7.45406103134155,5.61030054092407,10.7966327667236,5.9487099647522
"South Dakota",42,2002,0,0,0.407335489988327,4.7675347328186,2.77161407470703,7.41361904144287,5.61831092834473,10.73424243927,5.98809385299683
"South Dakota",42,2003,0,0,0.307410031557083,4.7605938911438,2.64921593666077,7.36116886138916,5.6260199546814,10.7547702789307,6.01982164382935
"South Dakota",42,2004,0,0,0.829735398292542,4.74645328521729,2.71502089500427,7.29212236404419,5.70807075500488,10.7674102783203,6.03406524658203
"South Dakota",42,2005,0,0,0.880772113800049,4.73210096359253,2.96713423728943,7.23514223098755,5.71837568283081,10.7829694747925,6.1402907371521
"South Dakota",42,2006,1,0.5,1.31071484088898,5.16012859344482,2.94736528396606,7.1850643157959,5.57872295379639,10.8021030426025,6.06281757354736
"South Dakota",42,2007,1,1,1.36935353279114,5.08528327941895,2.72285795211792,7.21261739730835,5.64062881469727,10.7957105636597,6.04037189483643
"South Dakota",42,2008,1,1,1.53679418563843,5.2310643196106,2.82371616363525,7.16032361984253,5.65473222732544,10.8638525009155,6.04020118713379
"South Dakota",42,2009,1,1,1.32612407207489,4.95401430130005,2.68710064888,7.220618724823,5.68112230300903,10.748969078064,6.06640768051147
"South Dakota",42,2010,1,1,1.04664325714111,5.30071306228638,2.94810175895691,7.22638988494873,5.69894599914551,10.7291746139526,6.05262994766235
"Tennessee",43,2000,0,0,2.00133633613586,6.23126316070557,5.14053535461426,7.93060731887817,5.96525716781616,10.6728782653809,5.99149417877197
"Tennessee",43,2001,0,0,2.02344679832458,6.28295850753784,5.20807838439941,7.98986625671387,6.01906299591064,10.693489074707,6.04808044433594
"Tennessee",43,2002,0,0,2.00694966316223,6.25677061080933,5.11654186248779,7.95963621139526,6.05091953277588,10.7117252349854,6.09288597106934
"Tennessee",43,2003,0,0,1.94024872779846,6.21547603607178,5.10868167877197,7.98319959640503,6.03652763366699,10.702862739563,6.10145711898804
"Tennessee",43,2004,0,0,1.82623279094696,6.24439811706543,5.03813743591309,7.99103832244873,6.04215049743652,10.6907167434692,6.10987710952759
"Tennessee",43,2005,0,0,2.00384092330933,6.32580471038818,5.14897298812866,7.97749710083008,6.03134489059448,10.6921720504761,6.11767721176147
"Tennessee",43,2006,0,0,1.93946385383606,6.28147411346436,5.21759653091431,7.9081711769104,5.99004697799683,10.6920585632324,6.05520486831665
"Tennessee",43,2007,1,0.60821920633316,1.89734292030334,6.29209661483765,5.20182991027832,7.928307056427,6.00793313980103,10.6763467788696,6.06952476501465
"Tennessee",43,2008,1,1,1.90294528007507,6.2447943687439,5.17005634307861,7.90815019607544,6.01122951507568,10.6017217636108,6.09392309188843
"Tennessee",43,2009,1,1,2.02797651290894,6.18153667449951,5.05453205108643,7.8518123626709,6.02228832244873,10.6258535385132,6.08180332183838
"Tennessee",43,2010,1,1,1.73405563831329,6.09842014312744,4.88825082778931,7.79491806030273,6.009437084198,10.5632333755493,6.07647800445557
"Texas",44,2000,0,0,1.80850422382355,5.90314483642578,5.0047345161438,8.05259609222412,5.89263248443604,10.7971849441528,6.71131658554077
"Texas",44,2001,0,0,1.85860979557037,5.91969966888428,5.13716983795166,8.07864570617676,5.89419174194336,10.8261775970459,6.65995645523071
"Texas",44,2002,0,0,1.81433999538422,5.91516637802124,5.17691040039062,8.08566856384277,5.90025186538696,10.792592048645,6.63805341720581
"Texas",44,2003,0,0,1.88695979118347,5.86275625228882,5.14627265930176,8.0840368270874,5.8675479888916,10.7483892440796,6.65235614776611
"Texas",44,2004,0,0,1.82854986190796,5.84866428375244,5.09655094146729,8.06420612335205,5.89281558990479,10.7744464874268,6.64271688461304
"Texas",44,2005,0,0,1.84338212013245,5.8245038986206,5.07959079742432,8.01965522766113,5.89290857315063,10.742075920105,6.63183879852295
"Texas",44,2006,0,0,1.77426052093506,5.75895977020264,5.06586647033691,7.92324066162109,5.84797525405884,10.754322052002,6.59600734710693
"Texas",44,2007,1,0.328767120838165,1.8037177324295,5.74929809570312,5.11075925827026,7.94973182678223,5.88866376876831,10.7878131866455,6.59933376312256
"Texas",44,2008,1,1,1.74836492538452,5.76982498168945,5.06424808502197,7.91739845275879,5.90495300292969,10.7595615386963,6.58398628234863
"Texas",44,2009,1,1,1.71986377239227,5.73903369903564,5.0728497505188,7.95450305938721,5.93301582336426,10.7843379974365,6.57780361175537
"Texas",44,2010,1,1,1.6171008348465,5.66469287872314,4.88649606704712,7.878821849823,5.89342212677002,10.7677268981934,6.55179357528687
"Utah",45,2000,0,0,0.673486411571503,5.09064435958862,4.03676462173462,8.11648273468018,5.73622846603394,11.0054941177368,5.54850625991821
"Utah",45,2001,0,0,1.10042214393616,4.95215606689453,3.98330307006836,8.06159114837646,5.72554111480713,10.9734086990356,5.47852325439453
"Utah",45,2002,0,0,0.725204050540924,4.99415731430054,3.9138400554657,8.09756278991699,5.71026706695557,10.9683017730713,5.49930858612061
"Utah",45,2003,0,0,0.954704582691193,5.06339025497437,3.997638463974,8.08987426757812,5.72085905075073,10.9753284454346,5.51957368850708
"Utah",45,2004,0,0,0.671865701675415,4.97416639328003,3.9628598690033,8.06698703765869,5.70570802688599,10.9805355072021,5.54090404510498
"Utah",45,2005,0,0,0.835966467857361,4.98277950286865,3.80912446975708,7.99617433547974,5.70391273498535,11.0221967697144,5.57185173034668
"Utah",45,2006,0,0,0.712540507316589,4.93712568283081,3.88496947288513,7.86492967605591,5.68422174453735,10.9865465164185,5.53002643585205
"Utah",45,2007,0,0,0.828471541404724,5.01271867752075,4.01356267929077,7.88460302352905,5.71626853942871,10.9382543563843,5.5318751335144
"Utah",45,2008,0,0,0.406653314828873,4.94781827926636,3.97759342193604,7.87841463088989,5.66921377182007,11.0560827255249,5.5043830871582
"Utah",45,2009,0,0,0.385731846094131,4.94203472137451,3.89536190032959,7.87205791473389,5.68788814544678,10.9930086135864,5.50679159164429
"Utah",45,2010,0,0,0.666716873645782,4.88788795471191,3.8416211605072,7.80758857727051,5.54823160171509,10.9470624923706,5.52213191986084
"Vermont",46,2000,0,0,0.425553858280182,4.28041839599609,2.99050331115723,7.71508836746216,5.35280752182007,10.8223752975464,5.66494655609131
"Vermont",46,2001,0,0,0.167031645774841,4.26849365234375,2.89395022392273,7.64866781234741,5.34237384796143,10.8245468139648,5.70773458480835
"Vermont",46,2002,0,0,0.780170798301697,4.30653142929077,2.55902695655823,7.49172401428223,5.41788291931152,10.8611698150635,5.74516487121582
"Vermont",46,2003,0,0,0.919041156768799,4.43356704711914,2.33812522888184,7.43444490432739,5.39789199829102,10.8451538085938,5.7834939956665
"Vermont",46,2004,0,0,0.979776501655579,4.33623790740967,2.56389665603638,7.46983575820923,5.45782327651978,10.9083566665649,5.79196071624756
"Vermont",46,2005,0,0,0.28387263417244,4.5052170753479,2.53516459465027,7.50039863586426,5.55815362930298,10.9442768096924,5.84359216690063
"Vermont",46,2006,0,0,0.808224558830261,4.57108449935913,2.89655518531799,7.44987297058105,5.5260853767395,10.9368858337402,5.87217473983765
"Vermont",46,2007,0,0,0.739450573921204,4.52189064025879,2.56895041465759,7.45436763763428,5.47497415542603,10.8164329528809,5.84539604187012
"Vermont",46,2008,0,0,1.00747442245483,4.58935785293579,2.70686054229736,7.55028533935547,5.34361124038696,10.8463621139526,5.83154392242432
"Vermont",46,2009,0,0,0.254224687814713,4.54810285568237,2.88431334495544,7.48858213424683,5.43249082565308,10.8814754486084,5.8800458908081
"Vermont",46,2010,0,0,0.113367110490799,4.56771421432495,2.47152209281921,7.42410802841187,5.49128770828247,10.9320707321167,5.80709934234619
"Virginia",47,2000,0,0,1.76754868030548,5.13501644134521,4.52109813690186,7.66603088378906,5.69751453399658,10.9973220825195,6.08812427520752
"Virginia",47,2001,0,0,1.65492451190948,5.14583873748779,4.591233253479,7.72215366363525,5.71356582641602,11.0328550338745,6.1206431388855
"Virginia",47,2002,0,0,1.70351541042328,5.1408224105835,4.59058856964111,7.70999526977539,5.7201771736145,11.0046129226685,6.20484161376953
"Virginia",47,2003,0,0,1.7607136964798,5.08481550216675,4.54182958602905,7.67061758041382,5.71996879577637,11.081295967102,6.19504404067993
"Virginia",47,2004,0,0,1.68621945381165,5.07043600082397,4.55920457839966,7.66578006744385,5.72363185882568,10.9858350753784,6.19916200637817
"Virginia",47,2005,0,0,1.83195281028748,5.07396507263184,4.6270751953125,7.65357637405396,5.71814298629761,10.9678535461426,6.17796754837036
"Virginia",47,2006,0,0,1.66257643699646,5.0257568359375,4.61973285675049,7.53258085250854,5.7013087272644,11.0311403274536,6.17384481430054
"Virginia",47,2007,0,0,1.69273519515991,4.97942733764648,4.61135244369507,7.55088186264038,5.72092294692993,11.0382871627808,6.21161222457886
"Virginia",47,2008,0,0,1.56986153125763,4.90630435943604,4.57500886917114,7.5825252532959,5.73161220550537,11.0472164154053,6.20893669128418
"Virginia",47,2009,0,0,1.56687951087952,4.85477685928345,4.40832567214966,7.57425737380981,5.71365404129028,11.0267925262451,6.20113611221313
"Virginia",47,2010,0,0,1.53780794143677,4.78910636901855,4.26766014099121,7.51163148880005,5.68707513809204,11.008131980896,6.15670490264893
"Washington",48,2000,0,0,1.22498464584351,5.42287683486938,4.61455011367798,8.10506439208984,5.46982908248901,10.8937902450562,5.55699300765991
"Washington",48,2001,0,0,1.11847686767578,5.36816835403442,4.61954498291016,8.11252784729004,5.47790384292603,10.8652868270874,5.55744075775146
"Washington",48,2002,0,0,1.13227474689484,5.33053874969482,4.58243465423584,8.09050559997559,5.44591474533081,10.9107151031494,5.60155057907104
"Washington",48,2003,0,0,1.1113269329071,5.34152364730835,4.55869436264038,8.07596588134766,5.45983076095581,10.9388046264648,5.5968713760376
"Washington",48,2004,0,0,1.14222633838654,5.32202386856079,4.57213068008423,8.08601951599121,5.44258594512939,10.9616947174072,5.61320304870605
"Washington",48,2005,0,0,1.20456838607788,5.3497142791748,4.54510068893433,8.07773780822754,5.4386043548584,10.9431276321411,5.6447491645813
"Washington",48,2006,0,0,1.12497735023499,5.29662752151489,4.60738849639893,7.95538568496704,5.41814517974854,10.9882879257202,5.61520957946777
"Washington",48,2007,0,0,1.00465250015259,5.30303192138672,4.55671119689941,7.8899507522583,5.43690490722656,11.0198583602905,5.63097667694092
"Washington",48,2008,0,0,1.09554708003998,5.26809930801392,4.5964412689209,7.85491037368774,5.44732809066772,10.9568758010864,5.62686443328857
"Washington",48,2009,0,0,1.07791912555695,5.29804611206055,4.64239835739136,7.86511707305908,5.43745803833008,11.0249862670898,5.6418833732605
"Washington",48,2010,0,0,0.825468420982361,5.23170614242554,4.48919868469238,7.83544778823853,5.38727760314941,10.937614440918,5.61268615722656
"West Virginia",49,2000,0,0,0.957794070243835,5.56231164932251,3.747891664505,7.3740644454956,5.43513059616089,10.5250854492188,5.3865385055542
"West Virginia",49,2001,0,0,0.821692705154419,5.41883087158203,3.69384384155273,7.38229894638062,5.42761278152466,10.5062446594238,5.47921800613403
"West Virginia",49,2002,0,0,1.17623484134674,5.19750547409058,3.62086749076843,7.35599708557129,5.41693019866943,10.4795951843262,5.55474662780762
"West Virginia",49,2003,0,0,1.41904628276825,5.30103349685669,3.68109464645386,7.38304805755615,5.44243907928467,10.5672063827515,5.59616947174072
"West Virginia",49,2004,0,0,1.34571540355682,5.40056467056274,3.7777795791626,7.48604345321655,5.44152927398682,10.5589847564697,5.6567120552063
"West Virginia",49,2005,0,0,1.53216636180878,5.35095024108887,3.8298614025116,7.51760673522949,5.44321346282959,10.6140575408936,5.70317077636719
"West Virginia",49,2006,0,0,1.50613868236542,5.3411226272583,3.8528573513031,7.48619699478149,5.44416236877441,10.6345567703247,5.75341367721558
"West Virginia",49,2007,0,0,1.29441320896149,5.33266830444336,3.8546895980835,7.46703052520752,5.45045137405396,10.6978588104248,5.81356334686279
"West Virginia",49,2008,1,0.838356137275696,1.30858290195465,5.31156492233276,3.90517330169678,7.48488426208496,4.01563739776611,10.5577640533447,5.81319046020508
"West Virginia",49,2009,1,1,1.53413009643555,5.41863489151001,3.9211437702179,7.4595627784729,5.50621747970581,10.6251735687256,5.86219692230225
"West Virginia",49,2010,1,1,1.2107959985733,5.51442527770996,3.80267477035522,7.3372073173523,5.47642469406128,10.6652040481567,5.89068460464478
"Wisconsin",50,2000,0,0,1.17717206478119,4.87620687484741,4.46729469299316,7.73922348022461,5.77842950820923,10.9523315429688,5.98090219497681
"Wisconsin",50,2001,0,0,1.29746091365814,4.8510217666626,4.43927574157715,7.77823209762573,5.75646066665649,10.9303350448608,6.0173077583313
"Wisconsin",50,2002,0,0,1.06938052177429,4.75403022766113,4.49050807952881,7.75533056259155,5.7032265663147,10.926531791687,6.03725290298462
"Wisconsin",50,2003,0,0,1.23613941669464,4.77844429016113,4.41533088684082,7.71163940429688,5.7905912399292,10.9123754501343,6.05253553390503
"Wisconsin",50,2004,0,0,1.0571436882019,4.75104284286499,4.33085203170776,7.64180946350098,5.81703948974609,10.8740386962891,6.06196117401123
"Wisconsin",50,2005,0,0,1.34339272975922,4.93430089950562,4.43949747085571,7.62856817245483,5.81369924545288,10.8171148300171,6.04550457000732
"Wisconsin",50,2006,0,0,1.08839082717896,5.07916927337646,4.60669755935669,7.64096784591675,5.78672027587891,10.9313020706177,6.04426050186157
"Wisconsin",50,2007,0,0,1.19466960430145,5.13149118423462,4.58859443664551,7.65743637084961,5.81772232055664,10.8952751159668,6.05477714538574
"Wisconsin",50,2008,0,0,0.958531200885773,5.08676958084106,4.52419757843018,7.6397294998169,5.80841875076294,10.856071472168,6.0345606803894
"Wisconsin",50,2009,0,0,0.958358466625214,5.02045345306396,4.47255849838257,7.60053253173828,5.83512306213379,10.8605937957764,6.02463150024414
"Wisconsin",50,2010,0,0,1.00616252422333,4.98626613616943,4.37545871734619,7.55177164077759,5.83695077896118,10.8301639556885,5.99391412734985
"Wyoming",51,2000,0,0,0.916918039321899,5.41115665435791,2.68050670623779,7.85082817077637,5.93198776245117,10.8232717514038,5.85856056213379
"Wyoming",51,2001,0,0,0.627917289733887,5.36411571502686,2.86150932312012,7.89900302886963,6.03459072113037,10.7978391647339,5.85962009429932
"Wyoming",51,2002,0,0,1.12941586971283,5.43167734146118,2.95396518707275,7.91711044311523,6.01675319671631,10.7829275131226,5.88128042221069
"Wyoming",51,2003,0,0,1.05526351928711,5.4009222984314,2.84702301025391,7.90712833404541,6.0678014755249,10.8286981582642,5.9509687423706
"Wyoming",51,2004,0,0,0.803501963615417,5.28599071502686,2.61029934883118,7.90502834320068,5.98936319351196,10.866681098938,5.99645900726318
"Wyoming",51,2005,0,0,1.03921329975128,5.26500368118286,2.75686478614807,7.86552619934082,5.89124345779419,10.8186378479004,6.02428674697876
"Wyoming",51,2006,0,0,0.925944864749908,5.33453845977783,2.63766169548035,7.77566337585449,5.89040184020996,10.837028503418,6.01733255386353
"Wyoming",51,2007,0,0,1.40738368034363,5.331711769104,2.79367804527283,7.74690294265747,6.00873708724976,10.8446073532104,6.00490570068359
"Wyoming",51,2008,0,0,0.830814719200134,5.28322219848633,2.8002552986145,7.70363330841064,5.96120643615723,10.8969612121582,5.98795223236084
"Wyoming",51,2009,0,0,0.741671144962311,5.18432235717773,2.70048475265503,7.67721843719482,5.98004531860352,10.8843669891357,5.9814920425415
"Wyoming",51,2010,0,0,0.362428963184357,5.0352578163147,2.61372065544128,7.60074615478516,5.86470699310303,10.8658790588379,5.93837833404541
